name,email,company,salary
Ann,massa@enimsit.com,Augue Eu LLC,"$6,713"
Sarah,justo.nec.ante@ridiculusmusProin.net,Tristique Ac Eleifend Inc.,"$8,297"
Martin,lorem.fringilla.ornare@purusMaecenas.com,Non Corp.,"$9,916"
Raphael,enim.Nunc@magnaUt.co.uk,Proin Foundation,"$7,919"
Fulton,tempor.augue.ac@at.edu,Eleifend Institute,"$8,241"
Aubrey,Morbi.non@Vivamus.co.uk,Volutpat Nulla Ltd,"$5,486"
Hedda,tellus.faucibus@Aeneanmassa.com,Diam Lorem Auctor Corp.,"$8,277"
Cheyenne,penatibus.et.magnis@nibhAliquamornare.org,Malesuada Vel Convallis LLP,"$9,052"
Nomlanga,vulputate@Donec.ca,Eu Ultrices Corp.,"$7,907"
Talon,gravida.nunc@imperdiet.co.uk,Ornare LLP,"$9,053"
Austin,eu.eleifend@torquentperconubia.ca,Sed Associates,"$8,550"
James,pede.Cum.sociis@augue.org,Risus In Ltd,"$6,307"
Charity,vulputate.nisi@egetlaoreet.org,Ridiculus Inc.,"$6,322"
Naida,arcu.Curabitur.ut@quis.com,Fames Ac Turpis LLC,"$5,301"
Norman,amet@sollicitudinadipiscing.org,Consectetuer Euismod Institute,"$6,323"
Petra,Cras.convallis.convallis@nislMaecenas.ca,Sagittis Foundation,"$8,158"
Mariko,vitae@liberoProinmi.ca,Purus Nullam LLC,"$8,476"
Alden,Aenean.massa@eu.com,Mauris Blandit PC,"$9,315"
Palmer,quis.diam.luctus@nibh.co.uk,Iaculis Odio Nam Company,"$9,318"
Sydney,augue.malesuada.malesuada@laoreetipsum.net,Ipsum Cursus Foundation,"$8,158"
Belle,nunc@eleifend.edu,Enim Non Nisi Company,"$5,844"
Lewis,velit@Suspendisse.org,At Consulting,"$6,581"
Hu,mauris.Morbi@Sed.edu,Pellentesque Sed Consulting,"$5,197"
Price,tellus.faucibus.leo@consectetueradipiscing.edu,Ligula Tortor Dictum LLP,"$6,647"
Mira,quam@diamlorem.com,Adipiscing Inc.,"$7,997"
Knox,mi.lacinia.mattis@Suspendissenon.ca,Sed Malesuada Augue Corporation,"$6,289"
Mason,quam@nonleoVivamus.edu,Augue Ut Lacus Corporation,"$8,557"
Luke,et@Etiam.ca,Eu Tellus Ltd,"$8,362"
Pearl,Fusce@Donec.co.uk,Gravida Non Company,"$6,612"
Mia,laoreet.lectus@eutellus.net,Ac Metus Associates,"$8,172"
Jamal,Maecenas.ornare.egestas@fermentumvel.ca,Quam Corporation,"$6,197"
Meghan,tincidunt.Donec.vitae@Nullamvelitdui.org,Neque Venenatis Lacus Limited,"$9,198"
Macon,purus@intempus.co.uk,A Aliquet Corp.,"$7,282"
Imelda,Aliquam.erat.volutpat@duiCumsociis.edu,Nec Foundation,"$9,744"
Alika,aliquet.Phasellus@lacus.ca,Urna Nullam LLP,"$9,171"
Brady,lacus.Mauris@Phaselluslibero.com,Donec Egestas Aliquam LLP,"$6,253"
Blossom,montes@duiFuscediam.edu,Ac Mattis Semper Inc.,"$9,601"
Martin,amet.faucibus@mienim.com,Ridiculus Corp.,"$9,335"
Remedios,nisi@consequatlectussit.ca,Duis Industries,"$8,274"
Steel,lorem.sit@Nuncacsem.com,Donec Tempor Associates,"$5,275"
Keefe,amet.risus@euenim.co.uk,Nec Diam Industries,"$6,528"
Irma,faucibus.orci@sodales.co.uk,Semper Foundation,"$8,671"
Ivana,quis.pede@leoVivamus.ca,Fusce Mi Inc.,"$5,153"
Wyatt,netus.et@Curabituregestas.co.uk,Purus Gravida Institute,"$5,845"
Orli,Cras@magnis.ca,Fames Ac Turpis Ltd,"$6,898"
Danielle,leo.Morbi.neque@ipsum.co.uk,Eu Enim Etiam Incorporated,"$9,444"
Neil,at@DonecegestasAliquam.net,Orci Quis Lectus Limited,"$5,977"
Jesse,arcu.et@a.co.uk,Diam Pellentesque Habitant Ltd,"$9,450"
Hadley,lacinia@arcuSed.com,Diam Luctus Company,"$5,525"
Driscoll,facilisis.facilisis.magna@aliquet.ca,Fringilla PC,"$7,550"
August,Ut@Aliquamfringillacursus.co.uk,Dis PC,"$8,648"
Octavia,risus.varius.orci@ullamcorperDuis.co.uk,Nunc In At Institute,"$9,351"
Alfreda,mattis.Integer@consectetueradipiscingelit.org,Morbi Accumsan Laoreet Incorporated,"$5,519"
Tobias,Cum@sitametrisus.com,Proin Eget Odio Institute,"$6,611"
Cheyenne,interdum.enim@tempor.ca,Non Enim Foundation,"$7,311"
Isadora,nulla.magna.malesuada@feugiat.edu,Luctus PC,"$8,779"
Ingrid,mauris.aliquam.eu@temporaugueac.ca,Tortor Dictum LLP,"$8,694"
Xyla,Donec@utipsum.net,Cursus Corp.,"$5,868"
Faith,metus@nonenim.org,Mauris Ltd,"$6,434"
Riley,gravida.sit.amet@mattis.net,Dis Parturient Incorporated,"$5,495"
Cairo,nec@utaliquamiaculis.co.uk,At Iaculis Company,"$8,476"
Diana,cursus.luctus@nisinibh.co.uk,Fringilla Mi Lacinia Consulting,"$7,663"
Erin,massa.Integer.vitae@quis.ca,Eget Inc.,"$6,700"
Logan,aliquam.enim@egestasblanditNam.com,Accumsan Interdum Libero Institute,"$9,702"
Rafael,Suspendisse@vel.net,Nulla Magna Malesuada LLP,"$8,986"
Tate,tristique@Quisqueornaretortor.edu,Magna Sed LLP,"$9,002"
Vivian,mauris@et.net,Et Libero Proin Consulting,"$9,713"
Colleen,enim.Sed@eumetus.ca,Enim LLC,"$7,502"
Chadwick,ornare@doloregestasrhoncus.com,Integer In Magna LLP,"$9,138"
Amaya,Duis.ac.arcu@lacus.net,Justo Faucibus Lectus Corp.,"$5,724"
Denton,leo.elementum@quismassaMauris.org,Placerat Velit Quisque PC,"$6,630"
Katell,Aliquam@etrisusQuisque.co.uk,Eu Tellus Eu LLC,"$8,282"
Ramona,nascetur.ridiculus@massa.edu,Convallis Ante Lectus Corporation,"$7,493"
Brennan,Ut.tincidunt@Sed.ca,Fringilla Cursus Inc.,"$5,298"
Zorita,neque.venenatis.lacus@sempererat.com,Dictum Phasellus In Inc.,"$6,033"
Cain,nulla.at.sem@mauris.co.uk,Mauris Sapien LLC,"$8,876"
Rhiannon,ac@magnaSuspendissetristique.org,Lacus Cras LLC,"$7,548"
Brett,nec.tellus.Nunc@laoreetliberoet.net,Interdum Feugiat Sed Incorporated,"$5,732"
Kadeem,amet@a.edu,Enim Company,"$7,339"
Pascale,ut.molestie.in@sed.co.uk,In Nec Orci Incorporated,"$5,506"
Rae,Aliquam.ultrices.iaculis@arcueu.ca,Nibh Sit Associates,"$7,961"
Astra,feugiat.non@imperdiet.ca,Nibh Lacinia Orci Corp.,"$9,516"
Ferdinand,egestas@tellusNunc.org,Quis Limited,"$6,232"
Clare,tellus.non.magna@ipsumleoelementum.net,Duis At Limited,"$9,241"
Quin,Donec@erosturpisnon.org,Facilisis Incorporated,"$6,474"
Timon,sagittis.placerat.Cras@luctusipsumleo.com,Maecenas Foundation,"$9,397"
Zachary,In@sedturpisnec.ca,Aliquam Gravida Mauris LLC,"$5,084"
Josephine,nec.mauris@liberodui.ca,Tincidunt Associates,"$9,879"
Lila,vel.nisl.Quisque@odiovelest.net,At Institute,"$9,842"
Pearl,ac.turpis.egestas@primisinfaucibus.co.uk,Nunc Corporation,"$9,407"
Tamara,massa@nullaanteiaculis.ca,Ad Company,"$6,323"
Martin,consequat@molestie.ca,Tellus Associates,"$6,550"
Ulric,semper@estNunc.co.uk,Integer Associates,"$9,616"
Rae,sociis.natoque@cursusnon.org,Iaculis Associates,"$8,076"
Bianca,felis.eget@Quisque.com,Id Company,"$5,255"
Hayden,interdum.feugiat.Sed@eget.org,Lectus Consulting,"$5,123"
Garth,ornare.sagittis@porta.org,Posuere Cubilia Curae; Consulting,"$9,360"
Sawyer,et.netus@ametante.com,Eu Eros Nam Inc.,"$8,691"
Madison,et.libero.Proin@euplacerat.net,Ipsum Leo Elementum Corporation,"$8,924"
Oren,ipsum.porta@indolorFusce.co.uk,Sed Institute,"$7,617"