name,email,country,salary
Leslie,elementum@sitametorci.edu,Grenada,"$7,053"
John,Nam.porttitor@porttitorerosnec.org,Wallis and Futuna,"$5,494"
Norman,Aliquam@Nunccommodo.ca,Myanmar,"$9,615"
Britanni,a.ultricies.adipiscing@porttitor.co.uk,San Marino,"$9,705"
Danielle,non@etnetus.net,Montenegro,"$5,429"
Claire,Nullam@ac.co.uk,Jamaica,"$5,187"
Ferris,semper.Nam.tempor@ultricesmauris.ca,Thailand,"$6,260"
Jolene,lacinia@ac.com,Saint Vincent and The Grenadines,"$8,518"
Gary,velit.justo@Pellentesque.co.uk,Hong Kong,"$6,161"
Leroy,Nunc@risus.co.uk,Russian Federation,"$6,245"
Candace,Donec.non@sagittisplacerat.co.uk,Antarctica,"$7,868"
Graiden,lorem@adipiscing.ca,Poland,"$5,738"
Ishmael,Nulla@Nulla.co.uk,Jersey,"$7,392"
Yael,diam@eudoloregestas.com,Madagascar,"$6,871"
Gabriel,sit.amet@orci.edu,Guinea-Bissau,"$9,211"
Rhona,Aliquam@turpisnonenim.com,New Caledonia,"$8,004"
Kiara,aliquet.magna.a@porttitorinterdum.co.uk,Venezuela,"$8,641"
Dennis,enim@atnisiCum.co.uk,Cocos (Keeling) Islands,"$5,771"
Randall,Vivamus.nibh@ipsum.ca,Guernsey,"$8,281"
Amethyst,accumsan.interdum@diamnuncullamcorper.net,Jersey,"$5,612"
Illana,mollis.Integer@Mauris.ca,Ecuador,"$7,393"
Rooney,odio.a.purus@velitegestaslacinia.net,Bahrain,"$7,045"
Orlando,amet@tellusSuspendissesed.edu,Peru,"$5,501"
Orli,porttitor.tellus@ut.ca,Italy,"$6,386"
Bradley,sem.ut.cursus@antebibendum.com,Guinea,"$8,340"
Diana,suscipit.est.ac@vitae.com,"Virgin Islands, British","$8,108"
Axel,nec@hendrerit.ca,Greenland,"$8,397"
Malachi,rutrum.lorem.ac@tristique.org,Sudan,"$9,109"
Alyssa,arcu.Vivamus@enim.co.uk,Liechtenstein,"$9,184"
Veda,justo.nec.ante@Proin.edu,Jordan,"$5,672"
Glenna,Duis.ac@risusvariusorci.org,Palau,"$5,913"
Xander,urna.Vivamus@mollisnoncursus.ca,Greece,"$8,755"
Brenna,et@inaliquetlobortis.ca,Cura√ßao,"$7,809"
Rhea,mauris.sapien.cursus@auctorquis.edu,Romania,"$5,776"
Shay,iaculis.aliquet.diam@Sedcongueelit.com,Taiwan,"$5,641"
Amos,a.aliquet.vel@adipiscingnonluctus.com,Ecuador,"$6,309"
Natalie,dignissim@posuerecubiliaCurae.net,Rwanda,"$6,386"
Palmer,vel@Curabiturutodio.ca,Chile,"$5,227"
Aline,porttitor.vulputate@lacinia.edu,Finland,"$8,441"
Evelyn,molestie.sodales@erat.com,Chile,"$5,394"
Brock,nisl.Nulla.eu@vestibulum.ca,India,"$9,973"
Oren,tempus.mauris@Maurismagna.org,Montserrat,"$6,909"
Fulton,Phasellus@duinecurna.net,Oman,"$6,312"
Whoopi,magna@enimMaurisquis.ca,Taiwan,"$8,712"
Zephania,vel.venenatis@ametloremsemper.co.uk,Iceland,"$6,821"
Brenden,mattis@et.org,Kenya,"$5,435"
Tamara,Aenean@Suspendissesed.com,Cape Verde,"$7,672"
Gareth,dolor@adipiscingelitAliquam.co.uk,Panama,"$8,110"
Constance,leo.Morbi@nonleoVivamus.org,Saint Pierre and Miquelon,"$5,258"
Kirk,sociis.natoque.penatibus@Mauris.org,Marshall Islands,"$5,171"
Leilani,ante.blandit@consectetuerrhoncusNullam.org,Saint Pierre and Miquelon,"$9,462"
Wanda,urna.suscipit.nonummy@sitametnulla.org,Sierra Leone,"$9,149"
Thane,libero.Proin@morbi.co.uk,Somalia,"$7,903"
Cassady,euismod@semNulla.ca,Uzbekistan,"$8,582"
Bradley,orci.adipiscing.non@Sedegetlacus.edu,Slovakia,"$7,469"
Tatum,amet.consectetuer.adipiscing@eutemporerat.org,Turks and Caicos Islands,"$7,010"
Kylynn,facilisis@Nuncsedorci.co.uk,Armenia,"$8,699"
Mallory,blandit.enim.consequat@eros.edu,Gabon,"$8,649"
Roanna,Donec@Utnecurna.org,Suriname,"$7,751"
Lars,nec.quam.Curabitur@ut.co.uk,"Bonaire, Sint Eustatius and Saba","$7,939"
Xanthus,Duis@Aliquamauctorvelit.org,Croatia,"$8,212"
Meredith,sem@elitAliquamauctor.net,French Polynesia,"$6,434"
Upton,rutrum.magna.Cras@ridiculus.ca,Solomon Islands,"$8,972"
Brock,nisl@nectempusmauris.ca,Dominica,"$8,064"
Sharon,nulla.ante.iaculis@sapienmolestie.ca,United Arab Emirates,"$7,055"
Tate,pellentesque.massa@amagnaLorem.com,Yemen,"$8,866"
Zenaida,dolor.dapibus.gravida@posuereatvelit.ca,Croatia,"$7,686"
Nissim,Nulla.dignissim@Vestibulumaccumsan.ca,Lithuania,"$9,205"
Ursula,ac.feugiat.non@sedorci.ca,Mayotte,"$8,647"
Brooke,pharetra.sed@duiCraspellentesque.edu,Chad,"$6,684"
Iliana,Integer@pellentesqueegetdictum.com,Central African Republic,"$5,156"
Melinda,amet@mi.com,South Georgia and The South Sandwich Islands,"$7,204"
Shelley,at.velit@eleifendCrassed.com,Lesotho,"$8,730"
Karina,velit.Sed.malesuada@conguea.com,Togo,"$7,837"
Tarik,Nunc@nullaIntegerurna.org,Myanmar,"$9,208"
Timothy,Fusce@maurisMorbi.ca,Laos,"$9,754"
Rogan,augue@necurnaet.org,Netherlands,"$7,829"
Cade,enim.nec@adipiscing.org,Botswana,"$7,995"
Cole,elit.pellentesque.a@consectetuerrhoncus.co.uk,Montserrat,"$6,440"
Salvador,vitae.erat.Vivamus@duiinsodales.org,Turks and Caicos Islands,"$5,626"
Rose,lacus@sociis.org,Bulgaria,"$6,612"
Samson,luctus@nibhlacinia.co.uk,Botswana,"$7,167"
Callum,mattis@faucibusid.edu,Georgia,"$5,026"
Keefe,orci@scelerisquemollisPhasellus.edu,China,"$9,076"
Dieter,Vestibulum.ut@facilisis.com,"Bonaire, Sint Eustatius and Saba","$7,967"
Quincy,enim.nec.tempus@odioauctor.co.uk,Haiti,"$7,735"
Howard,tincidunt.orci@mauriselit.net,Sierra Leone,"$7,299"
Tad,nulla.at@cubiliaCurae.ca,Qatar,"$7,627"
Merritt,morbi.tristique.senectus@variusultrices.edu,Mongolia,"$5,593"
Geoffrey,et.netus@egetvenenatis.edu,Netherlands,"$9,016"
Signe,Curabitur.vel.lectus@metus.com,China,"$7,305"
Hiroko,Nunc.laoreet.lectus@Fuscealiquam.edu,Aruba,"$8,723"
Ishmael,congue@lectus.net,Ecuador,"$7,742"
Stewart,augue.scelerisque@morbitristiquesenectus.edu,South Georgia and The South Sandwich Islands,"$9,295"
Ariana,adipiscing.elit.Etiam@Maecenasiaculis.com,"Virgin Islands, British","$5,691"
Melinda,dictum.ultricies@aceleifendvitae.edu,Bolivia,"$5,029"
Lewis,malesuada.id@anteMaecenas.net,Timor-Leste,"$6,926"
Orlando,sem.eget.massa@necligula.org,Chad,"$7,749"
Quail,magna.a.neque@velitjusto.net,Indonesia,"$7,867"
Kylie,nunc.Quisque.ornare@convalliserat.org,Slovakia,"$7,579"